Male,Female,,,
Jacob,Emily,,,
Michael,Madison,,,
Joshua,Emma,,,
Matthew,Olivia,,,
Daniel,Hannah,,,
Christopher,Abigail,,,
Andrew,Isabella,,,
Ethan,Samantha,,,
Joseph,Elizabeth,,,
William,Ashley,,,
Anthony,Alexis,,,
David,Sarah,,,
Alexander,Sophia,,,
Nicholas,Alyssa,,,
Ryan,Grace,,,
Tyler,Ava,,,
James,Taylor,,,
John,Brianna,,,
Jonathan,Lauren,,,
Noah,Chloe,,,
Brandon,Natalie,,,
Christian,Kayla,,,
Dylan,Jessica,,,
Samuel,Anna,,,
Benjamin,Victoria,,,
Nathan,Mia,,,
Zachary,Hailey,,,
Logan,Sydney,,,
Justin,Jasmine,,,
Gabriel,Julia,,,
Jose,Morgan,,,
Austin,Destiny,,,
Kevin,Rachel,,,
Elijah,Ella,,,
Caleb,Kaitlyn,,,
Robert,Megan,,,
Thomas,Katherine,,,
Jordan,Savannah,,,
Cameron,Jennifer,,,
Jack,Alexandra,,,
Hunter,Allison,,,
Jackson,Haley,,,
Angel,Maria,,,
Isaiah,Kaylee,,,
Evan,Lily,,,
Isaac,Makayla,,,
Luke,Brooke,,,
Mason,Nicole,,,
Jayden,Mackenzie,,,
Jason,Addison,,,
Gavin,Stephanie,,,
Aaron,Lillian,,,
Connor,Andrea,,,
Aiden,Faith,,,
Aidan,Zoe,,,
Kyle,Kimberly,,,
Juan,Madeline,,,
Charles,Alexa,,,
Luis,Katelyn,,,
Adam,Gabriella,,,
Lucas,Gabrielle,,,
Brian,Trinity,,,
Eric,Amanda,,,
Adrian,Kylie,,,
Nathaniel,Mary,,,
Sean,Paige,,,
Alex,Riley,,,
Carlos,Leah,,,
Bryan,Jenna,,,
Ian,Sara,,,
Owen,Rebecca,,,
Jesus,Michelle,,,
Landon,Sofia,,,
Julian,Vanessa,,,
Chase,Jordan,,,
Cole,Angelina,,,
Diego,Caroline,,,
Jeremiah,Avery,,,
Steven,Audrey,,,
Sebastian,Evelyn,,,
Xavier,Maya,,,
Timothy,Claire,,,
Carter,Autumn,,,
Wyatt,Jocelyn,,,
Brayden,Ariana,,,
Blake,Nevaeh,,,
Hayden,Arianna,,,
Devin,Jada,,,
Cody,Bailey,,,
Richard,Brooklyn,,,
Seth,Aaliyah,,,
Dominic,Amber,,,
Jaden,Isabel,,,
Antonio,Mariah,,,
Miguel,Danielle,,,
Liam,Melanie,,,
Patrick,Sierra,,,
Carson,Erin,,,
Jesse,Amelia,,,
Tristan,Molly,,,
Alejandro,Isabelle,,,
Henry,Madelyn,,,
Victor,Melissa,,,
Trevor,Jacqueline,,,
Bryce,Marissa,,,
Jake,Angela,,,
Riley,Shelby,,,
Colin,Leslie,,,
Jared,Katie,,,
Jeremy,Jade,,,
Mark,Catherine,,,
Caden,Diana,,,
Garrett,Aubrey,,,
Parker,Mya,,,
Marcus,Amy,,,
Vincent,Briana,,,
Kaleb,Sophie,,,
Kaden,Gabriela,,,
Brady,Breanna,,,
Colton,Gianna,,,
Kenneth,Kennedy,,,
Joel,Gracie,,,
Oscar,Peyton,,,
Josiah,Adriana,,,
Jorge,Christina,,,
Ashton,Courtney,,,
Cooper,Daniela,,,
Tanner,Lydia,,,
Eduardo,Kathryn,,,
Paul,Valeria,,,
Edward,Layla,,,
Ivan,Alexandria,,,
Preston,Natalia,,,
Maxwell,Angel,,,
Alan,Laura,,,
Levi,Charlotte,,,
Stephen,Margaret,,,
Grant,Cheyenne,,,
Nicolas,Miranda,,,
Dakota,Mikayla,,,
Omar,Naomi,,,
Alexis,Kelsey,,,
George,Payton,,,
Eli,Ana,,,
Collin,Alicia,,,
Spencer,Jillian,,,
Gage,Daisy,,,
Max,Mckenzie,,,
Ricardo,Ashlyn,,,
Cristian,Sabrina,,,
Derek,Caitlin,,,
Micah,Summer,,,
Brody,Ruby,,,
Francisco,Valerie,,,
Nolan,Rylee,,,
Ayden,Skylar,,,
Dalton,Lindsey,,,
Shane,Kelly,,,
Peter,Genesis,,,
Damian,Zoey,,,
Jeffrey,Eva,,,
Brendan,Sadie,,,
Travis,Alexia,,,
Fernando,Cassidy,,,
Peyton,Kylee,,,
Conner,Kendall,,,
Andres,Jordyn,,,
Javier,Kate,,,
Giovanni,Jayla,,,
Shawn,Karen,,,
Braden,Tiffany,,,
Jonah,Cassandra,,,
Bradley,Juliana,,,
Cesar,Reagan,,,
Emmanuel,Caitlyn,,,
Manuel,Giselle,,,
Edgar,Serenity,,,
Mario,Alondra,,,
Erik,Lucy,,,
Edwin,Bianca,,,
Johnathan,Kiara,,,
Devon,Crystal,,,
Erick,Erica,,,
Wesley,Angelica,,,
Oliver,Hope,,,
Trenton,Chelsea,,,
Hector,Alana,,,
Malachi,Liliana,,,
Jalen,Brittany,,,
Raymond,Camila,,,
Gregory,Makenzie,,,
Abraham,Lilly,,,
Elias,Veronica,,,
Leonardo,Abby,,,
Sergio,Jazmin,,,
Donovan,Adrianna,,,
Colby,Delaney,,,
Marco,Karina,,,
Bryson,Ellie,,,
Martin,Jasmin,,,